batch_id,group_name,product_id,product_name,risk_level,recommended_decision,blocker,operator_action,review_priority
BATCH_1,ACCESSORIES_AND_SMALL_ITEMS,1cc00e24-746b-4057-bf59-c82d6ecf0c56,【 FASHION KAMPUNG 】X688 199Speed Portable Handheld Fan USB Rechargeable Mini Cooling Fan Adjustable Pocket Fan for Outdoor Camping Travel Home Office Fan,LOW_RISK_READY_FOR_OPERATOR_REVIEW,APPROVE_CLAIM_SAFE_CANDIDATE,None,Approve claim-safe rewrite,HIGH
BATCH_1,ACCESSORIES_AND_SMALL_ITEMS,274a59af-1bb9-4d93-b883-99454aff2297,Mini USB LED Plug Lamp Mobile Power Charging USB Night Light Eye Protection Reading Bulb Indoor Bedroom Sleeping,LOW_RISK_READY_FOR_OPERATOR_REVIEW,APPROVE_CLAIM_SAFE_CANDIDATE,None,Approve claim-safe rewrite,HIGH
BATCH_1,ACCESSORIES_AND_SMALL_ITEMS,2a1e670d-a81d-4a42-a182-f9513b05eca4,【Pin Blink ii】5pcs Kerongsang Blink-blink Comel Pin Hijab Kerongsang Pin Tudung Brooches Kerongsang Gilitter Blink-Blink Brooch Pin Hijab Pin Tudung Peniti Clips,LOW_RISK_READY_FOR_OPERATOR_REVIEW,APPROVE_CLAIM_SAFE_CANDIDATE,None,Approve claim-safe rewrite,HIGH
BATCH_1,ACCESSORIES_AND_SMALL_ITEMS,4e0d386d-af76-49ef-b670-1679056e46c8,Propappa - Non-Stick Korean BBQ Grill Pan Camping Grill Pan Griddle Grill Pan | Kuali Pemanggang BBQ Korea Tidak Melekat,LOW_RISK_READY_FOR_OPERATOR_REVIEW,APPROVE_CLAIM_SAFE_CANDIDATE,None,Approve claim-safe rewrite,HIGH
BATCH_1,ACCESSORIES_AND_SMALL_ITEMS,7a6d9004-7b86-49d6-9ad5-3cd8598179e6,HOMEWORTH 3pcs Ceramic Bowl Set with Air-Tight Lid – Microwave Safe | Wedding Gift | Kitchen Essentials hadiah kahwin set pinggan mangkuk set Kitchen Cutlery Kitchenware Tableware,LOW_RISK_READY_FOR_OPERATOR_REVIEW,APPROVE_CLAIM_SAFE_CANDIDATE,None,Approve claim-safe rewrite,HIGH
BATCH_1,ACCESSORIES_AND_SMALL_ITEMS,84c246ff-17d4-4119-86ee-d7e2f0e9be94,【 FREE SHIPPING 】199SPEED X688 Portable Handheld Fan USB Rechargeable Mini Cooling Fan Adjustable Pocket Fan for Outdoor Camping Travel Home Office Fan,LOW_RISK_READY_FOR_OPERATOR_REVIEW,APPROVE_CLAIM_SAFE_CANDIDATE,None,Approve claim-safe rewrite,HIGH
BATCH_1,ACCESSORIES_AND_SMALL_ITEMS,8a8e951c-e92f-477b-8c3a-893f88ffe25c,"Pemegang telefon magnetik 3 dalam 1 ini menyokong MagSafe, mempunyai tripod berputar 360°, pengait karabina, dan serasi dengan iPhone 17 dan 12.Ia sesuai untuk digunakan pada papan pemuka kereta, gim, dapur, pejabat, dan lokasi lain.",LOW_RISK_READY_FOR_OPERATOR_REVIEW,APPROVE_CLAIM_SAFE_CANDIDATE,None,Approve claim-safe rewrite,HIGH
BATCH_1,ACCESSORIES_AND_SMALL_ITEMS,92150166-ebb6-439c-97bb-0c3a8fb1f824,"Penutup makanan, plastik pakai buang, penutup elastik berwarna cerah, penutup kalis udara, penutup pinggan, beg pembungkusan dapur, beg simpanan",LOW_RISK_READY_FOR_OPERATOR_REVIEW,APPROVE_CLAIM_SAFE_CANDIDATE,None,Approve claim-safe rewrite,HIGH
BATCH_1,ACCESSORIES_AND_SMALL_ITEMS,99205001-9ea9-4e90-9287-5aab3cb1f3f5,HOTOP 360° Rotatable Car Phone Holder For Dashboard And Windshield Suction Cup Cell Phone Mount Mobile Phone Support Compatible With iPhone Huawei Samsung Android Accessories car phone car phone universal custom width,LOW_RISK_READY_FOR_OPERATOR_REVIEW,APPROVE_CLAIM_SAFE_CANDIDATE,None,Approve claim-safe rewrite,HIGH
BATCH_1,ACCESSORIES_AND_SMALL_ITEMS,9e674932-25c8-400e-975b-4111f4399296,X688 Portable Handheld Fan USB Rechargeable Mini Cooling Fan Adjustable Pocket Fan for Outdoor Camping Travel Home Office Fan,LOW_RISK_READY_FOR_OPERATOR_REVIEW,APPROVE_CLAIM_SAFE_CANDIDATE,None,Approve claim-safe rewrite,HIGH
BATCH_1,ACCESSORIES_AND_SMALL_ITEMS,ab730155-b3c6-4c58-b108-c796564139a3,Pin Berlian Buatan Keselamatan 11 Pins dalam Satu Kotak Gancu Selendang Kerongsang Pin Berlian Pinggang Tetap Klip untuk Seluar Jeans Fesyen tudung besar di bahu Clips/ Tahan Karat/ Bead/ Gelap,LOW_RISK_READY_FOR_OPERATOR_REVIEW,APPROVE_CLAIM_SAFE_CANDIDATE,None,Approve claim-safe rewrite,HIGH
BATCH_1,ACCESSORIES_AND_SMALL_ITEMS,b5c5785a-d41d-487d-b846-fce410a8beee,"Set Jarum Keluli Hidung, Saiz Besar, 34 Keping, untuk Menjahit Pakaian dan Kuilt, Jarum Mata dan Langsing Tradisional, Sesuai untuk Menjahit Pakaian, Set 34 Keping Jahitan",LOW_RISK_READY_FOR_OPERATOR_REVIEW,APPROVE_CLAIM_SAFE_CANDIDATE,None,Approve claim-safe rewrite,HIGH
BATCH_1,ACCESSORIES_AND_SMALL_ITEMS,dc7ff436-ac59-45c4-a5b3-c52782284d32,"Pin Huruf, Reka Bentuk Cinta, dengan Kerongsang Bunga Mutiara Bertatah Berlian, Reka Bentuk Anti-Cahaya, Mampu Milik, Mewah dan Elegan, Aksesori",LOW_RISK_READY_FOR_OPERATOR_REVIEW,APPROVE_CLAIM_SAFE_CANDIDATE,None,Approve claim-safe rewrite,HIGH
BATCH_1,ACCESSORIES_AND_SMALL_ITEMS,f4981152-6acd-4d01-8f2b-34ed362e537a,AbangS Anak tudung Sarung kapas sejuk pink belacan Hijab,LOW_RISK_READY_FOR_OPERATOR_REVIEW,APPROVE_CLAIM_SAFE_CANDIDATE,None,Approve claim-safe rewrite,HIGH
BATCH_1,STATIONERY_AND_GIFTING,045a2dc8-27a0-4b93-9cf4-2531a803951a,Buku Zikir & Wirid Harian Rasulullah by Ustaz Wadi Annuar,LOW_RISK_READY_FOR_OPERATOR_REVIEW,APPROVE_CLAIM_SAFE_CANDIDATE,None,Approve claim-safe rewrite,HIGH
BATCH_1,STATIONERY_AND_GIFTING,0eb19156-a97b-4ede-917d-2e808ebc4217,100 Doa Taubat Dari al-Quran dan Hadith Nabi Muhammad SAW,LOW_RISK_READY_FOR_OPERATOR_REVIEW,APPROVE_CLAIM_SAFE_CANDIDATE,None,Approve claim-safe rewrite,HIGH
BATCH_1,STATIONERY_AND_GIFTING,3ea9ee09-3127-4a2e-a19d-ac19a55381ce,"Panduan Wirid, Zikir & Doa Selepas Solat Bahasa Arab & Rumi",LOW_RISK_READY_FOR_OPERATOR_REVIEW,APPROVE_CLAIM_SAFE_CANDIDATE,None,Approve claim-safe rewrite,HIGH
BATCH_1,STATIONERY_AND_GIFTING,7a88c55d-82a6-4045-88b2-f635f772cd05,(10 pcs) SAMPUL DUIT RAYA BASIC BUNGA BUNGA SAIZ BESAR 2026 Money Packet 24 PILIHAN DESIGN,LOW_RISK_READY_FOR_OPERATOR_REVIEW,APPROVE_CLAIM_SAFE_CANDIDATE,None,Approve claim-safe rewrite,HIGH
BATCH_1,STATIONERY_AND_GIFTING,957d9159-0002-414a-b63f-3f2c1e376097,Surat Cinta Dari Tuhan (Sinopsis 30 Juz Quran) by Adnin Roslan,LOW_RISK_READY_FOR_OPERATOR_REVIEW,APPROVE_CLAIM_SAFE_CANDIDATE,None,Approve claim-safe rewrite,HIGH
BATCH_1,HOME_ORGANIZATION,47b33809-3d4f-4e88-b5d6-1d4b7f3e5453,SimHome 24L/66L/100L/150L Foldable Storage Box Clothes Storage Bins With Lids Waterproof Storage Organizer With Steel Frame Kotak Simpanan,LOW_RISK_READY_FOR_OPERATOR_REVIEW,APPROVE_CLAIM_SAFE_CANDIDATE,None,Approve claim-safe rewrite,HIGH
BATCH_2,HOME_ORGANIZATION,4b647657-20a4-496d-a412-f7123a24c837,Seluar Cotton Corak Petak (Random Color) | Lembut & Selesa | Unisex (keep the keywords so people searching for pants can still find it),LOW_RISK_READY_FOR_OPERATOR_REVIEW,APPROVE_CLAIM_SAFE_CANDIDATE,None,Approve claim-safe rewrite,MEDIUM
BATCH_2,HOME_ORGANIZATION,5beecf4e-255d-4ddd-8255-64750a87e414,SimHome 24L/66L/100L Clothes Storage Box Transparent Foldable Storage Bins With Lids Waterproof Storage Organizer With Steel Frame Kotak Simpanan,LOW_RISK_READY_FOR_OPERATOR_REVIEW,APPROVE_CLAIM_SAFE_CANDIDATE,None,Approve claim-safe rewrite,MEDIUM
BATCH_2,HOME_ORGANIZATION,888bf009-2c12-4f50-9585-653f20fb6ed8,[HOMEBLIND] Langsir EROCA Semi Blackout Bercorak / Curtains Hook or Ring / French Pleat & Grommet Top,LOW_RISK_READY_FOR_OPERATOR_REVIEW,APPROVE_CLAIM_SAFE_CANDIDATE,None,Approve claim-safe rewrite,MEDIUM
BATCH_2,HOME_ORGANIZATION,898b93a6-6ab6-4c27-ae81-c35ee7ee9dc1,HOMEWORTH 7 in 1 Food Container Set With Lid Bekas Makanan Hadiah Microwave-safe,LOW_RISK_READY_FOR_OPERATOR_REVIEW,APPROVE_CLAIM_SAFE_CANDIDATE,None,Approve claim-safe rewrite,MEDIUM
BATCH_2,HOME_ORGANIZATION,ad39720e-2033-4184-9107-f820022a790f,PANDA QUEENIE TUDUNG BAWAL PRINTED TUDUNG BAWAL CORAK PRINTED HIJAB COTTON VOILE PRINTED BAWAL NEW HIJAB nathalable hijab herlen hijab printed bawal cotton Square Flowy,LOW_RISK_READY_FOR_OPERATOR_REVIEW,APPROVE_CLAIM_SAFE_CANDIDATE,None,Approve claim-safe rewrite,MEDIUM
BATCH_2,HOME_ORGANIZATION,cfce055e-31ca-48e6-b5f5-9148cf4c68eb,DOUBLE C Sarung Bantal Corak New Modern Design Pillow Case Bedding Soft,LOW_RISK_READY_FOR_OPERATOR_REVIEW,APPROVE_CLAIM_SAFE_CANDIDATE,None,Approve claim-safe rewrite,MEDIUM
BATCH_2,HOME_ORGANIZATION,d69a8d56-51dc-4df0-969f-14ddf7b314f0,Cadar Corak Bedsheet Queen/King (4in1) & Single (2in1) Fitted Bedsheet Getah Tepi Bedding Bolster,LOW_RISK_READY_FOR_OPERATOR_REVIEW,APPROVE_CLAIM_SAFE_CANDIDATE,None,Approve claim-safe rewrite,MEDIUM
BATCH_2,TOYS_AND_HOBBIES,7b22f826-243c-4a1e-a1f6-e67bb61b395b,Benang Kait Milk Cotton Yarn 5ply kod warna YA01-YA91 50gram/yarn/benangkait /milkcotton,LOW_RISK_READY_FOR_OPERATOR_REVIEW,APPROVE_CLAIM_SAFE_CANDIDATE,None,Approve claim-safe rewrite,MEDIUM
BATCH_2,TOYS_AND_HOBBIES,f2d33f17-5c40-45c3-bb46-aabf7a1819a2,TBF Kawat Bulu DIY Craft Kit Batang Chenille Stems 100pcs 37 Warna Campuran Batang Seni Kraf Tebal Lembut Bunga Flower untuk Crochet Knitting & Hiasan Rumah Tadika,LOW_RISK_READY_FOR_OPERATOR_REVIEW,APPROVE_CLAIM_SAFE_CANDIDATE,None,Approve claim-safe rewrite,MEDIUM
BATCH_2,FASHION_AND_APPAREL,02d4ba80-1156-431c-b6a8-b37ecb80c67b,MILVUS M13017 Seluar Trek Panjang Kanak-Kanak S-XXL | Kids’ Track Long Pants,LOW_RISK_READY_FOR_OPERATOR_REVIEW,APPROVE_CLAIM_SAFE_CANDIDATE,None,Approve claim-safe rewrite,MEDIUM
BATCH_2,FASHION_AND_APPAREL,07b2fcdf-a9ab-4d5d-a10d-15a9b291af62,LIMITED STOCK BY HANNAVELLA,LOW_RISK_READY_FOR_OPERATOR_REVIEW,APPROVE_CLAIM_SAFE_CANDIDATE,None,Approve claim-safe rewrite,MEDIUM
BATCH_2,FASHION_AND_APPAREL,0902af44-1a8f-4576-80ed-0ab963ced392,QAYRAA P1 Jersi Muslimah BUDAK Microfiber Quick Dry / Size: 22-32 / Jersey Muslimah Kids/ Baju Sukan Muslimah - DARK KHAKI/ TEAL BLUE/ ARMY GREEN/ BROWN / FOREST GREEN / VIOLET / LILAC /Burgundy/Mustard Gold/ Red Black Purple Clothing,LOW_RISK_READY_FOR_OPERATOR_REVIEW,APPROVE_CLAIM_SAFE_CANDIDATE,None,Approve claim-safe rewrite,MEDIUM
BATCH_2,FASHION_AND_APPAREL,106e2661-8a34-4c7d-9908-51006959f3d4,Amyrahijab Shawl Heavy Chiffon Premium (BUY 5 GET 6),LOW_RISK_READY_FOR_OPERATOR_REVIEW,APPROVE_CLAIM_SAFE_CANDIDATE,None,Approve claim-safe rewrite,MEDIUM
BATCH_2,FASHION_AND_APPAREL,1ccd0bb5-5f5b-40fc-8a38-0ff2df3a9571,Seluar Peluh Kaki Lebar Gaya Malas Vintaj Longgar Panjang Lantai Kasual Seluar Panjang Sukan Serba guna Seluar Outfit Baggy Style Casual Outfit Wide Leg Pants Seluar Plus Size,LOW_RISK_READY_FOR_OPERATOR_REVIEW,APPROVE_CLAIM_SAFE_CANDIDATE,None,Approve claim-safe rewrite,MEDIUM
BATCH_2,FASHION_AND_APPAREL,231129c1-b889-44b8-ab8c-3390fb3edc42,[ KB HIJABSTA ] Women High Waist Stretch Long Pants / Mini BootCut Auto Slim Design Slack Ironless Trousers MATERIAL PREMIUM SCUBA ( Fit up to 120KG ),LOW_RISK_READY_FOR_OPERATOR_REVIEW,APPROVE_CLAIM_SAFE_CANDIDATE,None,Approve claim-safe rewrite,MEDIUM
BATCH_2,FASHION_AND_APPAREL,244d4e59-dcad-4cee-a6a8-f233e577e5bb,READY STOCK Cotton Women Inner Pants/ Muslimah Seluar Dalam Panjang/ Kain Sejuk Safety Pants / Kain Dalam,LOW_RISK_READY_FOR_OPERATOR_REVIEW,APPROVE_CLAIM_SAFE_CANDIDATE,None,Approve claim-safe rewrite,MEDIUM
BATCH_2,FASHION_AND_APPAREL,2832c73c-efe3-4501-addb-4d0bb7c4e917,ZAYRA LAYLA 2 SAAT KAIN SARUNG MOSCREPE KOREA ADA BELAH DI BAWAH!!!!! DISCLAIMER(. SIZE S UTK BUDAK SAJA),LOW_RISK_READY_FOR_OPERATOR_REVIEW,APPROVE_CLAIM_SAFE_CANDIDATE,None,Approve claim-safe rewrite,MEDIUM
BATCH_2,FASHION_AND_APPAREL,2d913f77-7810-4595-8874-938c6a7e057d,SOUK SARUNG MOSCREPE SLIM FIT AWANING LAZY LIPAT KAIN MOSCRAPE PREMIUM SIZE M-L-XL,LOW_RISK_READY_FOR_OPERATOR_REVIEW,APPROVE_CLAIM_SAFE_CANDIDATE,None,Approve claim-safe rewrite,MEDIUM
BATCH_2,FASHION_AND_APPAREL,2e251609-5ee6-4ff8-b365-76c2ef274773,Round Neck Microfiber Singlet Men Jersey Sleeveless Baju Jersi Lelaki Plain Unisex Quick Dry Baju Sukan Casual Cool Clothing Outdoor Sport,LOW_RISK_READY_FOR_OPERATOR_REVIEW,APPROVE_CLAIM_SAFE_CANDIDATE,None,Approve claim-safe rewrite,MEDIUM
BATCH_2,FASHION_AND_APPAREL,2e8e2b1f-25cf-4412-9bc5-c03b57071a9a,"Kaftan Kejururawatan, Farhah, Saiz Bebas, Zip Halimunan",LOW_RISK_READY_FOR_OPERATOR_REVIEW,APPROVE_CLAIM_SAFE_CANDIDATE,None,Approve claim-safe rewrite,MEDIUM
BATCH_2,FASHION_AND_APPAREL,383b57a7-332d-45a5-aca3-2c71f878d3d7,Bidasari Kurung Cotton Embroidery Cutwork,LOW_RISK_READY_FOR_OPERATOR_REVIEW,APPROVE_CLAIM_SAFE_CANDIDATE,None,Approve claim-safe rewrite,MEDIUM
BATCH_2,FASHION_AND_APPAREL,3da0be61-1f70-491d-80eb-16fbd61532c0,"Tudung Bawal Cotton Bidang 45"" l Tudung Bawal Square Hijab l Bawal Cotton 45",LOW_RISK_READY_FOR_OPERATOR_REVIEW,APPROVE_CLAIM_SAFE_CANDIDATE,None,Approve claim-safe rewrite,MEDIUM
BATCH_2,FASHION_AND_APPAREL,418db1a6-c174-4ed2-9250-f879f197875e,JAZNOR TSHIRT BLOUSE FLORA MATERIAL RIBBED KNIT BY HARIKA AISHAH STYLE,LOW_RISK_READY_FOR_OPERATOR_REVIEW,APPROVE_CLAIM_SAFE_CANDIDATE,None,Approve claim-safe rewrite,MEDIUM
BATCH_2,FASHION_AND_APPAREL,463f7b29-23dc-4662-b089-4f56f6454277,"TUDUNG SARUNG BAWAL LAYLA MOSCREPE FAEZAH ILAI BIDA - Moscrepe Anti Tembam Anti Pekak dengan Tag SH Hijab Muslimah tudungsarung murah weekend casual hijab segeraSaiz S Mosscrepuntuk kanak-kanak 7–8 tahun, bukan untuk dewasa.Sila semak carta saiz sebelum",LOW_RISK_READY_FOR_OPERATOR_REVIEW,APPROVE_CLAIM_SAFE_CANDIDATE,None,Approve claim-safe rewrite,MEDIUM
BATCH_2,FASHION_AND_APPAREL,499c861a-df9c-41ec-bddc-3e453b56d762,ADVO Long Pants Men Polyester Seluar Panjang Lelaki Track Pants Sportswear Seluar Sukan Sports Running Pocket Jogger pants Seluar Panjang Sekolah Menengah School Pants Seluar Panjang Lelaki Tracksuit Bottom Sportswear Seluar Sukan,LOW_RISK_READY_FOR_OPERATOR_REVIEW,APPROVE_CLAIM_SAFE_CANDIDATE,None,Approve claim-safe rewrite,MEDIUM
BATCH_2,FASHION_AND_APPAREL,4fa0fa22-ad84-49d6-b567-6e92a104bf2a,SNOW CAP INDONESIA KAIN COTTON 100% Cotton,LOW_RISK_READY_FOR_OPERATOR_REVIEW,APPROVE_CLAIM_SAFE_CANDIDATE,None,Approve claim-safe rewrite,MEDIUM
BATCH_2,FASHION_AND_APPAREL,5492fa7f-8368-4013-872a-918e10f9b6da,New Arrival Telekung Single Lace Hidaya Renda Cantik Dan Lawa Viscose Lycra Dewasa Muslimah,LOW_RISK_READY_FOR_OPERATOR_REVIEW,APPROVE_CLAIM_SAFE_CANDIDATE,None,Approve claim-safe rewrite,MEDIUM
BATCH_2,FASHION_AND_APPAREL,5d62e360-5348-4c60-a05e-071638c852d3,Sarung souk yashfa cotton premium free size || material cotton viscose premium ironless || soft awning (bole lipat) Hijab Instant,LOW_RISK_READY_FOR_OPERATOR_REVIEW,APPROVE_CLAIM_SAFE_CANDIDATE,None,Approve claim-safe rewrite,MEDIUM
BATCH_2,FASHION_AND_APPAREL,7379cbac-9651-4c1c-b097-a4138fe8a3b4,M-5XL Men Short Pants Sport Shorts Beach Shorts Casual Fashion Men Pants Seluar Pendek Lelaki Men's Pant,LOW_RISK_READY_FOR_OPERATOR_REVIEW,APPROVE_CLAIM_SAFE_CANDIDATE,None,Approve claim-safe rewrite,MEDIUM
BATCH_2,FASHION_AND_APPAREL,76986483-c499-45bf-b160-c73a5753df64,MINI SPORT COTTON JASMINE - SML PREMIUM COTTON,LOW_RISK_READY_FOR_OPERATOR_REVIEW,APPROVE_CLAIM_SAFE_CANDIDATE,None,Approve claim-safe rewrite,MEDIUM
BATCH_2,FASHION_AND_APPAREL,827820d1-5441-48c8-89d8-eaac9ba984ce,cotton tudung sarung/SIZE/S/M/L/XL Cotton,LOW_RISK_READY_FOR_OPERATOR_REVIEW,APPROVE_CLAIM_SAFE_CANDIDATE,None,Approve claim-safe rewrite,MEDIUM
BATCH_2,FASHION_AND_APPAREL,93922e65-31c4-40ef-b45b-99916cb3e136,(HARGA BORONG) TRACKSUIT PLAIN ADULT / KIDS SPORT SCHOOL (TRACKSUIT SUKAN SEKOLAH KOPERASI DEWASA / BUDAK) TRCH12,LOW_RISK_READY_FOR_OPERATOR_REVIEW,APPROVE_CLAIM_SAFE_CANDIDATE,None,Approve claim-safe rewrite,MEDIUM
BATCH_2,FASHION_AND_APPAREL,94116afc-c8f9-421d-af62-8b57e810129a,YAN@YAN Viral Thai Elephant Pants 🐘 Boho Wide Leg Trousers | Elastic Waist Casual Travel Beach Pants | Free Size & Plus Size-8601,LOW_RISK_READY_FOR_OPERATOR_REVIEW,APPROVE_CLAIM_SAFE_CANDIDATE,None,Approve claim-safe rewrite,MEDIUM
BATCH_2,FASHION_AND_APPAREL,a1cd39a0-c514-4fad-98b0-2338fd784d01,​Magic Will Bra Tidak Nampak Rekaan Alamiah Tali Lebar Anti Peluh Ventilasi Belakang Selesa​,LOW_RISK_READY_FOR_OPERATOR_REVIEW,APPROVE_CLAIM_SAFE_CANDIDATE,None,Approve claim-safe rewrite,MEDIUM
BATCH_2,FASHION_AND_APPAREL,a9f99515-355d-45e5-ad6a-1d97a3a96ad4,"Tudung Bawal Cotton ""PREMIUM"" Lembut Paling Senang Bentuk Bidang 45' READY STOCK Square Jilbab tudung bawalSila semak carta saiz sebelum membuat pesanan.",LOW_RISK_READY_FOR_OPERATOR_REVIEW,APPROVE_CLAIM_SAFE_CANDIDATE,None,Approve claim-safe rewrite,MEDIUM
BATCH_2,FASHION_AND_APPAREL,ae2d9b04-c65e-4d62-b390-ecc0f7c0b7df,"Seluar dalam lelaki cetakan manga-Huruf kreatif peninju lelaki cetakan penuh HELLO tema seluar dalam jenama yang bergaya, peninju mesra kulit bernafas dan lembut",LOW_RISK_READY_FOR_OPERATOR_REVIEW,APPROVE_CLAIM_SAFE_CANDIDATE,None,Approve claim-safe rewrite,MEDIUM
BATCH_2,FASHION_AND_APPAREL,b0b8dc89-4e32-46cb-a181-55bfabb1ac0e,Ceecile Motion Cargo Pants Wide-Leg Street Fit with Contrast Stitch Lines,LOW_RISK_READY_FOR_OPERATOR_REVIEW,APPROVE_CLAIM_SAFE_CANDIDATE,None,Approve claim-safe rewrite,MEDIUM
BATCH_2,FASHION_AND_APPAREL,b3e05eb3-8c77-4e37-b163-996dfd4455bf,A14 - Alyanaa Baju Kelawar Moden / Baju Tidur Moden Cotton Silk,LOW_RISK_READY_FOR_OPERATOR_REVIEW,APPROVE_CLAIM_SAFE_CANDIDATE,None,Approve claim-safe rewrite,MEDIUM
BATCH_2,FASHION_AND_APPAREL,bd1c9005-a9a3-4b01-8528-fd86c9e8840d,SAUK JOJET HAYDA SCARF XS S M L,LOW_RISK_READY_FOR_OPERATOR_REVIEW,APPROVE_CLAIM_SAFE_CANDIDATE,None,Approve claim-safe rewrite,MEDIUM
BATCH_2,FASHION_AND_APPAREL,cd336929-5908-4d7e-9fdc-98812018feea,Tudung Sarung Siap AMARA || Kain Moscrepe Korea || Awning Lazy Lipat Hijab Instant,LOW_RISK_READY_FOR_OPERATOR_REVIEW,APPROVE_CLAIM_SAFE_CANDIDATE,None,Approve claim-safe rewrite,MEDIUM
BATCH_2,FASHION_AND_APPAREL,cd394fff-5e39-4e18-ac1e-f0050bd2c133,QAYRAA (P1) Jersey Short Sleeve Microfiber Plain T-Shirt Unisex/ Size: S-5XL /Jersi Kosong Lengan Pendek / Men & Women Wear Tops/Burgundy/Hitam Black/Rich Brown/Maroon/Navy Blue,LOW_RISK_READY_FOR_OPERATOR_REVIEW,APPROVE_CLAIM_SAFE_CANDIDATE,None,Approve claim-safe rewrite,MEDIUM
BATCH_2,FASHION_AND_APPAREL,cfefad5e-e96a-498f-8c62-ac488e7b8160,"3 / 5 helai Set seluar dalam fesyen untuk lelaki, peninju bernafas, lembut, selesa, cepat kering murah",LOW_RISK_READY_FOR_OPERATOR_REVIEW,APPROVE_CLAIM_SAFE_CANDIDATE,None,Approve claim-safe rewrite,MEDIUM
BATCH_2,FASHION_AND_APPAREL,d23790df-b38b-4978-9ea2-d55def79b17f,MILVUS M13030 Tracksuit Slim-Fit S-XXL | Slim-Fit Tracksuit,LOW_RISK_READY_FOR_OPERATOR_REVIEW,APPROVE_CLAIM_SAFE_CANDIDATE,None,Approve claim-safe rewrite,MEDIUM
BATCH_2,FASHION_AND_APPAREL,deb336f2-885e-437b-b86d-57b79da4dda0,"Tudung Sarung Cotton Hantu Size S M L- Hijab Viscose Instant Awning size -s Saiz S cotton untuk kanak-kanak 7–8 tahun, bukan untuk dewasa. Sila semak carta saiz sebelum membuat pesanan.",LOW_RISK_READY_FOR_OPERATOR_REVIEW,APPROVE_CLAIM_SAFE_CANDIDATE,None,Approve claim-safe rewrite,MEDIUM
BATCH_2,FASHION_AND_APPAREL,e1803e3e-4665-441b-be6c-8415cb8c6bed,S JODOHLEBARAN SILLA - Tudung BawaLEXC,LOW_RISK_READY_FOR_OPERATOR_REVIEW,APPROVE_CLAIM_SAFE_CANDIDATE,None,Approve claim-safe rewrite,MEDIUM
BATCH_2,FASHION_AND_APPAREL,e6cb7e6d-16ab-4926-bef7-a99ff419d1b4,￼Silvy Original PANJAG & PENDEK Mesir Stokin stoking Muslimah socks magic,LOW_RISK_READY_FOR_OPERATOR_REVIEW,APPROVE_CLAIM_SAFE_CANDIDATE,None,Approve claim-safe rewrite,MEDIUM
BATCH_2,FASHION_AND_APPAREL,e7bfc09f-8a05-4420-abca-72b93be72ffa,Korean Women Sleeveless High Neck Singlet Crop Top Shirt Camisole female Korean Tight-fitting All-match Bottoming Singlet for woman Inner Neck Tutup Leher Outfit Ideas,LOW_RISK_READY_FOR_OPERATOR_REVIEW,APPROVE_CLAIM_SAFE_CANDIDATE,None,Approve claim-safe rewrite,MEDIUM
BATCH_2,FASHION_AND_APPAREL,e905245b-949d-4d6c-a24c-1666eab4de08,Tracksuit Kaki Cekak Unisex Budak / Dewasa Seluar Track Budak Lelaki bawah getah Plain Hitam Dan Biru / Sekolah Dan Sukan Seluar trek budak 771 Premium Thread,LOW_RISK_READY_FOR_OPERATOR_REVIEW,APPROVE_CLAIM_SAFE_CANDIDATE,None,Approve claim-safe rewrite,MEDIUM
BATCH_2,FASHION_AND_APPAREL,eb04b6dd-e055-433b-a6b4-54524735d26d,QAYRAA P3 (2XL-7XL) Athleisure Jersi Muslimah PREMIUM Microfiber/Sport Activewear/Baju Sukan Jersey Muslimah Quick Dry Size: S-10XL/Baju Labuh Baju Renang/Rich Brown/Burgundy/Purple/NAVY/Lilac/DUSTY ROSE/GREY/Green/KHAKI/Teal Blue/Red Blouses Tops Shirts,LOW_RISK_READY_FOR_OPERATOR_REVIEW,APPROVE_CLAIM_SAFE_CANDIDATE,None,Approve claim-safe rewrite,MEDIUM
BATCH_2,FASHION_AND_APPAREL,ecd367eb-0a0d-433d-a774-50dfdf088f69,PANDAEYES CACABO CORDUROY PANTS (CLO-CNXC0907LP),LOW_RISK_READY_FOR_OPERATOR_REVIEW,APPROVE_CLAIM_SAFE_CANDIDATE,None,Approve claim-safe rewrite,MEDIUM
BATCH_3,FASHION_AND_APPAREL,f4227b61-0182-4235-ab5d-dde5d58f330f,(HARGA BORONG) ALGITUS UNISEX SCUBA TRAINING PANT ADULT / KIDS TRACKSUIT (SELUAR TRACKSUIT SEKOLAH PREMIUM SUKAN) TRCH28,LOW_RISK_READY_FOR_OPERATOR_REVIEW,APPROVE_CLAIM_SAFE_CANDIDATE,None,Approve claim-safe rewrite,LOW
BATCH_3,FASHION_AND_APPAREL,f4bbef79-217e-4b93-9fce-f7e4a18f01dc,Women Sleeveless Viscose Cotton Floral Night Dress/ Home Wear / Plus Size 2XL-4XL Floral Fabric,LOW_RISK_READY_FOR_OPERATOR_REVIEW,APPROVE_CLAIM_SAFE_CANDIDATE,None,Approve claim-safe rewrite,LOW
BATCH_3,FASHION_AND_APPAREL,f61639e6-b708-4bd2-aca3-d14a118ed80f,ADVO [New Series] Microfiber T-Shirt Men Jersey Round Neck T shirt Short Sleeve Baju Jersi Lelaki Plain Unisex Quick Dry Baju Jersi Lelaki Cepat Kering Bernafas Ringan Lembut Lengan Pendek Leher Bulat,LOW_RISK_READY_FOR_OPERATOR_REVIEW,APPROVE_CLAIM_SAFE_CANDIDATE,None,Approve claim-safe rewrite,LOW
BATCH_3,ELECTRONICS_AND_GADGETS,064bde5e-2153-4f62-811b-6c8858a9325f,Cute Candy Random Color Cable Protector for all Type Round Cable Earphone Handsfree Protector Pelindung Kabel Silicone Electronic Accessories,LOW_RISK_READY_FOR_OPERATOR_REVIEW,APPROVE_CLAIM_SAFE_CANDIDATE,None,Approve claim-safe rewrite,LOW
BATCH_3,ELECTRONICS_AND_GADGETS,51c07698-616d-4556-9f34-4426b751af5c,"NIUMO - Kabel pengecas USB Type C, fungsi 4 dalam 1, pengecasan pantas maksimum 240W, diperbuat daripada bahan silikon cecair dan aloi aluminium, kabel data",LOW_RISK_READY_FOR_OPERATOR_REVIEW,APPROVE_CLAIM_SAFE_CANDIDATE,None,Approve claim-safe rewrite,LOW
BATCH_3,ELECTRONICS_AND_GADGETS,bed7a64b-89c7-4c6c-9ca9-50b3179013e1,【1yr Warranty】 MCDODO MALAYSIA Borong Strong SR Nylon Braided USB to iP Type C Micro Data Cable 1 Meter CA 2261 2271 2281 1301 (No cut off function and led) Accessories Fast Charging Phone Metal Charger Mobile,LOW_RISK_READY_FOR_OPERATOR_REVIEW,APPROVE_CLAIM_SAFE_CANDIDATE,None,Approve claim-safe rewrite,LOW
BATCH_3,ELECTRONICS_AND_GADGETS,ec2c8e7d-bdd4-4df3-88c4-9330fed2a3f7,"(W)UGREEN PD20W Fast Charger Pengecas Pantas, Palam UK, dengan Set Kabel, Serasi dengan iPhone 8-16 Pro Max Samsung S25 Ultra Android Cellphone Mobile Phone Siri, SKU: 70297",LOW_RISK_READY_FOR_OPERATOR_REVIEW,APPROVE_CLAIM_SAFE_CANDIDATE,None,Approve claim-safe rewrite,LOW
BATCH_3,AUTO_AND_TOOLS,91e38d6f-1194-45b6-be60-c898695443b4,Ringgit Home Shop 3PCS/Set Set Pengisar Sayur Alat Dapur / Multifunctional Stainless Steel Practical Drain Vegetable Grater Set Kitchen Tools 3PCS/Set,LOW_RISK_READY_FOR_OPERATOR_REVIEW,APPROVE_CLAIM_SAFE_CANDIDATE,None,Approve claim-safe rewrite,LOW
BATCH_3,HOUSEHOLD_CARE,07175d3f-c02b-48c6-87e6-ca07e8cd4445,Cadar Set Getah Keliling 2in1 Single 4in1 Queen Fitted Bedsheet Set Bedding Soft Mesin Basuh 360 Fully Fitted,LOW_RISK_READY_FOR_OPERATOR_REVIEW,APPROVE_CLAIM_SAFE_CANDIDATE,None,Approve claim-safe rewrite,LOW
BATCH_3,HOUSEHOLD_CARE,0c8fce95-88a9-444a-a880-6ba87a7a76b2,(Ready Stock) Anti Slip Splicing PVC Bathroom Toilet Kitchen Floor Mat Non Slip Mat Toilet Floor Mat 30*30cm,LOW_RISK_READY_FOR_OPERATOR_REVIEW,APPROVE_CLAIM_SAFE_CANDIDATE,None,Approve claim-safe rewrite,LOW
BATCH_3,HOUSEHOLD_CARE,0d58bd3c-b1f9-49d0-a83b-0165fc821bfa,📢READY STOCK📢 Pelapik Sangkar Pet Cage Floor Mat Plastic Foot Pad Slab Cat Rabbit Pelapik Alas Sangkar Arnab Kucing,LOW_RISK_READY_FOR_OPERATOR_REVIEW,APPROVE_CLAIM_SAFE_CANDIDATE,None,Approve claim-safe rewrite,LOW
BATCH_3,HOUSEHOLD_CARE,0f7f516d-305e-4719-a3bc-b59e524ab019,Fitted Bedsheet 4in1 Queen Size King Single Size Bed Sheet Cadar Cadar Murah Hebat Bedding Soft,LOW_RISK_READY_FOR_OPERATOR_REVIEW,APPROVE_CLAIM_SAFE_CANDIDATE,None,Approve claim-safe rewrite,LOW
BATCH_3,HOUSEHOLD_CARE,111d4f87-6ba5-4fff-88b2-76039a43fcd5,80s Tisu Kertas Dapur Pakai Buang Pengganti Mop Lap Pinggan 80s Disposable Disposable Dish Paper Towels Tissue Tisu Mop Replacement Supplies,LOW_RISK_READY_FOR_OPERATOR_REVIEW,APPROVE_CLAIM_SAFE_CANDIDATE,None,Approve claim-safe rewrite,LOW
BATCH_3,HOUSEHOLD_CARE,2f4547af-b84d-4d97-a162-a0bd533a3ad8,DOUBLE C Premium Bedding Set Single/Queen/King Cute Collection Bedsheet Set Cadar Getah Keliling Sarung Tilam Cadar Viral,LOW_RISK_READY_FOR_OPERATOR_REVIEW,APPROVE_CLAIM_SAFE_CANDIDATE,None,Approve claim-safe rewrite,LOW
BATCH_3,HOUSEHOLD_CARE,34b15f50-e311-43c4-bacc-6ca8536cb2c5,Fridge Magnet Hari Guru 55MM 2026 - Hadiah Terbaik untuk Guru Anda!,LOW_RISK_READY_FOR_OPERATOR_REVIEW,APPROVE_CLAIM_SAFE_CANDIDATE,None,Approve claim-safe rewrite,LOW
BATCH_3,HOUSEHOLD_CARE,365138d1-3ff1-4622-9135-c4580dca23df,TOYO-G 4T Fuel System Cleaner Motorbike (50ml),LOW_RISK_READY_FOR_OPERATOR_REVIEW,APPROVE_CLAIM_SAFE_CANDIDATE,None,Approve claim-safe rewrite,LOW
BATCH_3,HOUSEHOLD_CARE,3bedd53f-4910-4c5b-945f-4aa7e56d18b4,Stiker Dinding PVC Mewah Dan Elegan 106×300cm Kalis Air Bertekstur 3D Tebal Tahan Calar Tahan Lasak Untuk Hiasan Dinding Rumah Dan Kedai,LOW_RISK_READY_FOR_OPERATOR_REVIEW,APPROVE_CLAIM_SAFE_CANDIDATE,None,Approve claim-safe rewrite,LOW
BATCH_3,HOUSEHOLD_CARE,6c34369a-4903-4e71-8ebd-e76d01c634e5,CLASSY 6XXXL Size Karpet Velvet Paling Besar Anti Slip TOP DESIGNS Baldu Living Room Carpet Mats Textiles Non-slip Anti-skid water-absorbing mat karpet cantik KARPET RUANG TAMU,LOW_RISK_READY_FOR_OPERATOR_REVIEW,APPROVE_CLAIM_SAFE_CANDIDATE,None,Approve claim-safe rewrite,LOW
BATCH_3,HOUSEHOLD_CARE,7be86ad7-d7be-4af3-a939-85340d6fdf53,【Sudah jual lebih 1M】30x60cm Marble Wall Tile Paper Kitchen Wall Sticker Wall Paper Bathroom Wallpaper Waterproof Tile Sticker Wallpaper Dinding Hiasan Bilik Home Pelekat Ruang Tamu,LOW_RISK_READY_FOR_OPERATOR_REVIEW,APPROVE_CLAIM_SAFE_CANDIDATE,None,Approve claim-safe rewrite,LOW
BATCH_3,HOUSEHOLD_CARE,7d4b1006-6db3-46a2-9fd0-1ffb23140da4,DOUBLE C Cadar Set Getah Keliling (2in1 Single/ 4in1 Queen) Fitted Bedsheet Set Bedding Soft,LOW_RISK_READY_FOR_OPERATOR_REVIEW,APPROVE_CLAIM_SAFE_CANDIDATE,None,Approve claim-safe rewrite,LOW
BATCH_3,HOUSEHOLD_CARE,82dcf45b-e7db-4f5f-8984-f4a43dbbe31f,Kg/1000g 1PCS Sleeping Pillow Viral Bantal Tidur Bantal Hotel Cotton Bedding Soft,LOW_RISK_READY_FOR_OPERATOR_REVIEW,APPROVE_CLAIM_SAFE_CANDIDATE,None,Approve claim-safe rewrite,LOW
BATCH_3,HOUSEHOLD_CARE,8718cc60-e000-4514-8267-9f8c3453b55a,KUN AirySoft plain Color-Earth Nature Series 01 Pillowcase/ Bolster case/ Fitted Bedsheet/ Quilt Cover ALACART ITEM/ Single/ SuperSingle/ Queen/ King 3in1 Bedsheet Set/ 4in1 Bedsheet set/ 4in1 Quilt Cover set/ 5in1 Quilt Cover set/ 5in1 Bedding set,LOW_RISK_READY_FOR_OPERATOR_REVIEW,APPROVE_CLAIM_SAFE_CANDIDATE,None,Approve claim-safe rewrite,LOW
BATCH_3,HOUSEHOLD_CARE,8f5b7dca-94b4-4ed1-acbf-7aee92a55ffc,KUN AirySoft plain Color-Modern Urban 01 Pillowcase/ Bolster case/ Fitted Bedsheet/ Quilt Cover ALACART ITEM/ Single/ SuperSingle/ Queen/ King 3in1 Bedsheet Set/ 4in1 Bedsheet set/ 4in1 Quilt Cover set/ 5in1 Quilt Cover set/ 5in1 Bedding set,LOW_RISK_READY_FOR_OPERATOR_REVIEW,APPROVE_CLAIM_SAFE_CANDIDATE,None,Approve claim-safe rewrite,LOW
BATCH_3,HOUSEHOLD_CARE,957888ae-e9e9-49b1-be58-60af7241ce66,Tuala Hotel KUALITI Baik Saiz 70x140cm / XL 90x160cm / 50x100cm / 35x75cm / 30x30cm / 25x25cm Serap Air Cepat Kering Tak Cabut Bulu Tak Keluar Warna Pilihan banyak,LOW_RISK_READY_FOR_OPERATOR_REVIEW,APPROVE_CLAIM_SAFE_CANDIDATE,None,Approve claim-safe rewrite,LOW
BATCH_3,HOUSEHOLD_CARE,95e258cd-a4c0-466e-aedb-df4d50600966,Shiplap board papan shiplap hiasan dinding wall decoration,LOW_RISK_READY_FOR_OPERATOR_REVIEW,APPROVE_CLAIM_SAFE_CANDIDATE,None,Approve claim-safe rewrite,LOW
BATCH_3,HOUSEHOLD_CARE,9c1a1843-6d1d-48e0-97df-a4b493e12d56,MY Ready Stock 100Pcs Colorful Chenille Stems Pipe Cleaners Assorted Colours Art and Craft,LOW_RISK_READY_FOR_OPERATOR_REVIEW,APPROVE_CLAIM_SAFE_CANDIDATE,None,Approve claim-safe rewrite,LOW
BATCH_3,HOUSEHOLD_CARE,b72ac356-c9d2-4a7c-a43e-9038e758969e,A4 A3 Magnetic Photo Frame Self-adhesive Picture Display Board Wall Stick Frame Photo Painting Bingkai Magnet Gambar Dinding Certificate Office Adhesive Wall Gambar Magnet Frame,LOW_RISK_READY_FOR_OPERATOR_REVIEW,APPROVE_CLAIM_SAFE_CANDIDATE,None,Approve claim-safe rewrite,LOW
BATCH_3,HOUSEHOLD_CARE,d024b3f4-6eba-4c41-afa5-59a321947af8,(Buy 5 Pack Free 1 Pack) Hanger Baju (1 Pack= 6pcs) Clothes Hanger Penyangkut Baju Plastik Hanger Non Slip,LOW_RISK_READY_FOR_OPERATOR_REVIEW,APPROVE_CLAIM_SAFE_CANDIDATE,None,Approve claim-safe rewrite,LOW
BATCH_3,HOUSEHOLD_CARE,d6c1de88-f453-4878-b704-5ffe282da6cc,KUN AirySoft plain Color-Earth Nature Series 02 Pillowcase/ Bolster case/ Fitted Bedsheet/ Quilt Cover ALACART ITEM/ Single/ SuperSingle/ Queen/ King 3in1 Bedsheet Set/ 4in1 Bedsheet set/ 4in1 Quilt Cover set/ 5in1 Quilt Cover set/ 5in1 Bedding set,LOW_RISK_READY_FOR_OPERATOR_REVIEW,APPROVE_CLAIM_SAFE_CANDIDATE,None,Approve claim-safe rewrite,LOW
BATCH_3,HOUSEHOLD_CARE,eaed2125-9f0a-4b00-879c-893fad2e3fa8,SUPAMO Cotton Comforter Blanket Quilt Selimut Tilam Bedsheet Cadar Good Comforters Quilts Blankets Single Queen King,LOW_RISK_READY_FOR_OPERATOR_REVIEW,APPROVE_CLAIM_SAFE_CANDIDATE,None,Approve claim-safe rewrite,LOW
BATCH_3,HOUSEHOLD_CARE,ecf837e7-120a-4123-bb74-94a8e80277f5,KKBS CURTAIN Canola Langsir 80%+ Blackout Plain Cangkuk & Ring (Canola Curtain Minimalist Hook & Eyelet) Curtains Custom Sliding Fabric Soft Textiles Fabric Soft,LOW_RISK_READY_FOR_OPERATOR_REVIEW,APPROVE_CLAIM_SAFE_CANDIDATE,None,Approve claim-safe rewrite,LOW
BATCH_3,HOUSEHOLD_CARE,eee2d2b9-d07b-42cb-b6a8-8cd5e126ad0d,[SINGLE ITEM ONLY] KUN AirySoft Plain Color Pillowcase/Bolster case/Bedsheet Queen King,LOW_RISK_READY_FOR_OPERATOR_REVIEW,APPROVE_CLAIM_SAFE_CANDIDATE,None,Approve claim-safe rewrite,LOW
BATCH_3,HOUSEHOLD_CARE,ef9c117e-7f3e-4df4-8434-d4b6f33d2aef,Wooden Curtain Rod Batang Langsir Kayu Langsir Murah 28mm (Free Screw & Wall Plug) 4ft - 12ft,LOW_RISK_READY_FOR_OPERATOR_REVIEW,APPROVE_CLAIM_SAFE_CANDIDATE,None,Approve claim-safe rewrite,LOW
BATCH_3,LAUNDRY_CARE,051f619d-be08-4d93-8eb8-8d5cb4cffc38,Downy 400ML Sunrise Fresh Cecair Pelembut Fabrik Pekat / Downy 400ML Sunrise Fresh Concentrated Fabric Conditioner (Fabric Softener),LOW_RISK_READY_FOR_OPERATOR_REVIEW,APPROVE_CLAIM_SAFE_CANDIDATE,None,Approve claim-safe rewrite,LOW
BATCH_3,LAUNDRY_CARE,29db89c6-c7dd-4f09-8b85-9862253e1152,Sabun Dobi Malaya Combo isi ulang 10 KG (5+5kg/L),MEDIUM_RISK_NEEDS_MANUAL_COPY_CHECK,NEEDS_COPY_EDIT,MEDIUM_RISK_NEEDS_MANUAL_COPY_CHECK,Audit copywriting USP claims,LOW
BATCH_3,FOOD_AND_BEVERAGE,013c47d4-abfc-4c70-8f1f-4e775b4e3216,Doorgift Chocojar Size 100ml 30 gram Kokojar Balang Cereal Coklat Gelap Chocojar Premium,LOW_RISK_READY_FOR_OPERATOR_REVIEW,APPROVE_CLAIM_SAFE_CANDIDATE,None,Approve claim-safe rewrite,LOW
BATCH_3,FOOD_AND_BEVERAGE,0b2d2726-42fc-436a-b493-ceca1295f8d9,CandyCrum Choco Cup 10oz (Est 90g) - Choco Dessert Cup | Doorgift & Event | Chocolate | Food | Kudapan | Snacks | Coklat | Snek | Manis | Rangup | Cokelat,LOW_RISK_READY_FOR_OPERATOR_REVIEW,APPROVE_CLAIM_SAFE_CANDIDATE,None,Approve claim-safe rewrite,LOW
BATCH_3,FOOD_AND_BEVERAGE,0edd26d2-b204-498c-b65f-e1016424514e,HOMEWORTH 17 Pcs Set BPA Free Microwave-safe Multipurpose Food Container /Bekas Kedap Udara,LOW_RISK_READY_FOR_OPERATOR_REVIEW,APPROVE_CLAIM_SAFE_CANDIDATE,None,Approve claim-safe rewrite,LOW
BATCH_3,FOOD_AND_BEVERAGE,27090e29-3cd9-48c9-8474-8193830f4a5a,"Kicap Mee Kak Zaidah 650g, Masak Mee, Senang Mudah Dan Ringkas, Mee lazat dan sedap, Bihun/Meehun Goreng, Char Kuey Teow, Mee ladna, Nasi Goreng",LOW_RISK_READY_FOR_OPERATOR_REVIEW,APPROVE_CLAIM_SAFE_CANDIDATE,None,Approve claim-safe rewrite,LOW
BATCH_3,FOOD_AND_BEVERAGE,5074e792-fde3-4bd6-ab04-b528f793a45e,"Amora’s Soft Cookies Ala Carte (Min Purchase 4, 8, 10, 12 cookies) | Amora’s Biskut Lembut Gebu Cair Dimulut (Beli Sekurangnya 4 Biskut)",LOW_RISK_READY_FOR_OPERATOR_REVIEW,APPROVE_CLAIM_SAFE_CANDIDATE,None,Approve claim-safe rewrite,LOW
BATCH_3,FOOD_AND_BEVERAGE,5985b3b4-a785-4347-a3ec-17e4f99ba928,[Keto] BOSSBROTHERS Halal Sambal Belacan 270g,LOW_RISK_READY_FOR_OPERATOR_REVIEW,APPROVE_CLAIM_SAFE_CANDIDATE,None,Approve claim-safe rewrite,LOW
BATCH_3,FOOD_AND_BEVERAGE,5b1927d1-447a-41f4-8d25-c1efdbe564d9,sedekah item MERYEM latte booster sample(1 pack 7 sachet ),LOW_RISK_READY_FOR_OPERATOR_REVIEW,APPROVE_CLAIM_SAFE_CANDIDATE,None,Approve claim-safe rewrite,LOW
BATCH_3,FOOD_AND_BEVERAGE,5f919206-a62d-4507-84a4-24aa42d9f42c,Candycrum Caramel Popcorn (10oz) - Popcorn | Snek | Popcorn Rangup | Sesuai Doorgift & Majlis | Food | Snacks,LOW_RISK_READY_FOR_OPERATOR_REVIEW,APPROVE_CLAIM_SAFE_CANDIDATE,None,Approve claim-safe rewrite,LOW
BATCH_3,FOOD_AND_BEVERAGE,6beff631-41c6-458b-803c-8f0b85d8bcc9,PONY MALL (Free 50pcs Bag) Kitchen Vacuum Food Sealer Commercial Household Food Vacuum Sealing Packaging Machine UK Type Spot Goods,LOW_RISK_READY_FOR_OPERATOR_REVIEW,APPROVE_CLAIM_SAFE_CANDIDATE,None,Approve claim-safe rewrite,LOW
BATCH_3,FOOD_AND_BEVERAGE,78e54f77-fcca-4377-9a60-99f1e5a496c7,Rempah ayam madu by kakyah kaftan 100gram,LOW_RISK_READY_FOR_OPERATOR_REVIEW,APPROVE_CLAIM_SAFE_CANDIDATE,None,Approve claim-safe rewrite,LOW
BATCH_3,FOOD_AND_BEVERAGE,8c88b3c7-82e3-403e-8fbe-ab515739639e,Chia Biji Organik | Organic Chia Seed 100g/200g/400g Beans,LOW_RISK_READY_FOR_OPERATOR_REVIEW,APPROVE_CLAIM_SAFE_CANDIDATE,None,Approve claim-safe rewrite,LOW
BATCH_3,FOOD_AND_BEVERAGE,9a7f266d-9abe-47a4-a97f-a3e87b5aad07,Dubai Chewy Cookie Marshmallow Mochi Kunafa Arab Crunchy 50g+-,LOW_RISK_READY_FOR_OPERATOR_REVIEW,APPROVE_CLAIM_SAFE_CANDIDATE,None,Approve claim-safe rewrite,LOW
BATCH_3,FOOD_AND_BEVERAGE,a0be58cd-9bdb-4f1f-a7dc-91b845e2e591,1 Cup Caramel Popcorn (10oz) - Caramel Popcorn | Popcorn Sedap | Doorgift Popcorn | Popcorn Viral | Popcorn Murah Snacks Rangup Food,LOW_RISK_READY_FOR_OPERATOR_REVIEW,APPROVE_CLAIM_SAFE_CANDIDATE,None,Approve claim-safe rewrite,LOW
BATCH_3,FOOD_AND_BEVERAGE,a96edc07-71fa-4f7f-8edc-cb779b90ae84,SEDEKAH SAMPLE MERYEM LİPOBOND ( 5 SACHET ),LOW_RISK_READY_FOR_OPERATOR_REVIEW,APPROVE_CLAIM_SAFE_CANDIDATE,None,Approve claim-safe rewrite,LOW
BATCH_3,FOOD_AND_BEVERAGE,b573d840-4444-4c8e-97a1-96311b6e52ac,"[Kombo] Kokojar Balang Saiz 300ml 5 Jenis Cereal Coklat Gelap Chocojar Premium Donut Fruity, Cookie Crunch, Koko Ball & Mini Crunch Choco jar",LOW_RISK_READY_FOR_OPERATOR_REVIEW,APPROVE_CLAIM_SAFE_CANDIDATE,None,Approve claim-safe rewrite,LOW
BATCH_3,FOOD_AND_BEVERAGE,cde9d9cc-7410-4bae-81d3-250d5d535e26,(MINIMUM ODER 15 PCS SEKALI ODER) POPCORN CUP 12 OZ GOODIES DOORGIFT MURAH BY POPCORN PARADISE SNACK FOOD,LOW_RISK_READY_FOR_OPERATOR_REVIEW,APPROVE_CLAIM_SAFE_CANDIDATE,None,Approve claim-safe rewrite,LOW
BATCH_3,FOOD_AND_BEVERAGE,d9385e4e-7a61-4308-b63e-d165879a9a8a,Sambal Kruk-Kruk Ateen(100GRAM KECIL),LOW_RISK_READY_FOR_OPERATOR_REVIEW,APPROVE_CLAIM_SAFE_CANDIDATE,None,Approve claim-safe rewrite,LOW
BATCH_3,FOOD_AND_BEVERAGE,e098f5b7-d155-45e2-82a8-2b717acba9a1,UNICO STEVIA pemanis penganti gula (10 mls) Halal,LOW_RISK_READY_FOR_OPERATOR_REVIEW,APPROVE_CLAIM_SAFE_CANDIDATE,None,Approve claim-safe rewrite,LOW
BATCH_3,FOOD_AND_BEVERAGE,fc33b279-9df5-4c6e-b78d-a6ee3ef2744e,Hulmers - 1200ML/900ML Thermos Bottle 316 Stainless Steel Tumbler with Handle and Straw Double Layer Insulation Cup,LOW_RISK_READY_FOR_OPERATOR_REVIEW,APPROVE_CLAIM_SAFE_CANDIDATE,None,Approve claim-safe rewrite,LOW
BATCH_3,FOOD_AND_BEVERAGE,fed133a9-cf23-4c30-9309-e1e5334f93b5,MODOFO Kuali Stainless Steel Anti Karat 24-40cm dengan Pegangan Emas untuk Dapur Gas & Alkohol Cookware Kualitas Tinggi,LOW_RISK_READY_FOR_OPERATOR_REVIEW,APPROVE_CLAIM_SAFE_CANDIDATE,None,Approve claim-safe rewrite,LOW
BATCH_3,PET_CARE,15dae875-292c-4d5f-833e-8cc9c8e01449,"Bento Wet Cat Food Pouch 50g - 5 Varieties (Chicken Broth, Goat Milk, Salmon, Chicken Mousse, Cod Mousse)",LOW_RISK_READY_FOR_OPERATOR_REVIEW,APPROVE_CLAIM_SAFE_CANDIDATE,None,Approve claim-safe rewrite,LOW
BATCH_3,PET_CARE,231016d5-408f-4c67-b5d7-c5819557fea6,Dr. Bites Cooked Chicken Breast For Cat And Dog Juicy Kucing 22g Dada Ayam,LOW_RISK_READY_FOR_OPERATOR_REVIEW,APPROVE_CLAIM_SAFE_CANDIDATE,None,Approve claim-safe rewrite,LOW
BATCH_3,PET_CARE,b884229a-19cd-449e-808d-2c4bd5a7c4c4,"Petinju Lelaki, Seluar Dalam Sukan Luar, Selesa dan Bernafas, Set 5PCS, Sesuai untuk Lelaki, 2023 Ketibaan Baru",LOW_RISK_READY_FOR_OPERATOR_REVIEW,APPROVE_CLAIM_SAFE_CANDIDATE,None,Approve claim-safe rewrite,LOW
BATCH_3,BEAUTY_AND_PERSONAL_CARE,1a2e39e9-5141-4558-aba0-02ec4a2891e0,"Elianto (MINI) Tisu Pembersih ALOE VERA/TEH HIJAU (10 Sheets, Makeup Remover, Moisturising, Senang Tanggal) | {Elianto MINI Cleansing Tissue}",MEDIUM_RISK_NEEDS_MANUAL_COPY_CHECK,NEEDS_COPY_EDIT,MEDIUM_RISK_NEEDS_MANUAL_COPY_CHECK,Audit copywriting USP claims,LOW
BATCH_3,BEAUTY_AND_PERSONAL_CARE,5d38ca10-81b5-409c-a9a9-800e519cf2da,Tanamera Brown Formulation Body Soap 125g | Sabun Badan Tanamera Formulasi Coklat 125g,MEDIUM_RISK_NEEDS_MANUAL_COPY_CHECK,NEEDS_COPY_EDIT,MEDIUM_RISK_NEEDS_MANUAL_COPY_CHECK,Audit copywriting USP claims,LOW
BATCH_3,BEAUTY_AND_PERSONAL_CARE,682698de-e579-4a0e-8000-588dc226ba7e,[LESSXCOCO]Waterproof Mascara Long LastingNatural Curling Eye Lash Makeup Maskara EyelashBlack,LOW_RISK_READY_FOR_OPERATOR_REVIEW,APPROVE_CLAIM_SAFE_CANDIDATE,None,Approve claim-safe rewrite,LOW
BATCH_3,BEAUTY_AND_PERSONAL_CARE,6836091d-2269-4ade-9f8f-22e0487306b2,Yaya empire vanilla crush | ara johari | mia azahar | Ervan best selling perfume 10 ml,LOW_RISK_READY_FOR_OPERATOR_REVIEW,APPROVE_CLAIM_SAFE_CANDIDATE,None,Approve claim-safe rewrite,LOW
BATCH_3,BEAUTY_AND_PERSONAL_CARE,6c70428f-3dbd-43e8-ba70-3023e87aee64,[KKM] FEREENA GLUTA SOAP 10g,MEDIUM_RISK_NEEDS_MANUAL_COPY_CHECK,NEEDS_COPY_EDIT,MEDIUM_RISK_NEEDS_MANUAL_COPY_CHECK,Audit copywriting USP claims,LOW
BATCH_3,BEAUTY_AND_PERSONAL_CARE,6fe5946d-1740-479e-a383-bb2ac319ee22,BUY 3 TAKE 2【Tawaran lstimewa】 BAIYAOLANG 20g Salappenjagaan badan,LOW_RISK_READY_FOR_OPERATOR_REVIEW,APPROVE_CLAIM_SAFE_CANDIDATE,None,Approve claim-safe rewrite,LOW
BATCH_3,BEAUTY_AND_PERSONAL_CARE,7326285d-c203-46b8-84ac-09124280123a,BIOAQUA Centella Collagen Hydrating Moisturizing Refreshing Moisturizing Facial Mask (1pcs) Face Skincare,MEDIUM_RISK_NEEDS_MANUAL_COPY_CHECK,NEEDS_COPY_EDIT,MEDIUM_RISK_NEEDS_MANUAL_COPY_CHECK,Audit copywriting USP claims,LOW
BATCH_3,BEAUTY_AND_PERSONAL_CARE,86c1f88d-dbf8-46f5-bd11-a56f37a6d07c,PERFUME PARADISE PEN FOR WOMEN - PACKAGING BARU (10 ML) PARFUM,LOW_RISK_READY_FOR_OPERATOR_REVIEW,APPROVE_CLAIM_SAFE_CANDIDATE,None,Approve claim-safe rewrite,LOW
BATCH_3,BEAUTY_AND_PERSONAL_CARE,907e2b91-de14-4596-81e8-47a7836d3f93,PERFUME PARADISE CLEAN & LINEN EDITION - PEN 10ML PARFUM,LOW_RISK_READY_FOR_OPERATOR_REVIEW,APPROVE_CLAIM_SAFE_CANDIDATE,None,Approve claim-safe rewrite,LOW
BATCH_3,BEAUTY_AND_PERSONAL_CARE,935f5fad-b26c-4b0a-a046-21c2ec16e5d3,SUISCO | Sabun Mandi Penaik Aura Wangi Saiz 500ml Aura Body Wash,MEDIUM_RISK_NEEDS_MANUAL_COPY_CHECK,NEEDS_COPY_EDIT,MEDIUM_RISK_NEEDS_MANUAL_COPY_CHECK,Audit copywriting USP claims,LOW
BATCH_3,BEAUTY_AND_PERSONAL_CARE,939ae510-3de0-4135-8f6c-d1345b767f02,[NEW] SKINTIFIC Cover Glow Perfect Cushion Foundation Full Coverage Instant glowing finish | 10-Hour Long-Lasting Wear,LOW_RISK_READY_FOR_OPERATOR_REVIEW,APPROVE_CLAIM_SAFE_CANDIDATE,None,Approve claim-safe rewrite,LOW
BATCH_3,BEAUTY_AND_PERSONAL_CARE,9ef257e3-00b1-4f50-b7d9-419b8b2403a7,MERYCODE Lip Serum Bibir Warna Termal Adaptif Nutrisi Mendalam Semula Jadi Kilau Kaca Transparen Mengurangkan Garis Bibir Treatments Lipstik,MEDIUM_RISK_NEEDS_MANUAL_COPY_CHECK,NEEDS_COPY_EDIT,MEDIUM_RISK_NEEDS_MANUAL_COPY_CHECK,Audit copywriting USP claims,LOW
BATCH_3,BEAUTY_AND_PERSONAL_CARE,a6cb7bfb-9263-40fd-a77d-6383bd3ff463,AQUABLANCE Pewangi Kereta & Rumah 200g Balm Fragrance Air Freshener Solid Perfume Aromatherapy untuk Kereta Rumah Bilik Tidur Toilet,LOW_RISK_READY_FOR_OPERATOR_REVIEW,APPROVE_CLAIM_SAFE_CANDIDATE,None,Approve claim-safe rewrite,LOW
BATCH_3,BEAUTY_AND_PERSONAL_CARE,b2f4b3eb-30ae-48fb-bc53-31bf8526b3eb,PERFUME PARADISE MAJESTIC EDITION - PEN 10ML PARFUM,LOW_RISK_READY_FOR_OPERATOR_REVIEW,APPROVE_CLAIM_SAFE_CANDIDATE,None,Approve claim-safe rewrite,LOW
BATCH_3,BEAUTY_AND_PERSONAL_CARE,b38e2c7e-993e-4456-8467-a4c3720cef92,Maybelline Super Stay Matte Ink 16H Long Wear Liquid Lipstick | Transfer Proof | Best selling matte liquid lipstick,LOW_RISK_READY_FOR_OPERATOR_REVIEW,APPROVE_CLAIM_SAFE_CANDIDATE,None,Approve claim-safe rewrite,LOW
BATCH_3,BEAUTY_AND_PERSONAL_CARE,b55d80f1-9a8a-4a18-af99-6f2636dad879,"KAXIER Eyeshadow Two-tone Cream Eyeshadow Stick, Brightener Eyeshadow Pencil Crayon, High Pigmented Eye Shadow Pen, Eye Highlighter Stick, Straight-up Classy Makeup",MEDIUM_RISK_NEEDS_MANUAL_COPY_CHECK,NEEDS_COPY_EDIT,MEDIUM_RISK_NEEDS_MANUAL_COPY_CHECK,Audit copywriting USP claims,LOW
BATCH_3,BEAUTY_AND_PERSONAL_CARE,b6215416-cc29-4af8-8933-afcf7db1fc14,[NEW 2026] ANAS Powder Blusher DUO #06,LOW_RISK_READY_FOR_OPERATOR_REVIEW,APPROVE_CLAIM_SAFE_CANDIDATE,None,Approve claim-safe rewrite,LOW
BATCH_3,BEAUTY_AND_PERSONAL_CARE,bf865cef-b45f-4bdc-abfb-b0745a075d8f,MINYAK Wangi Viral - Perfume Viyouna - 12ML,LOW_RISK_READY_FOR_OPERATOR_REVIEW,APPROVE_CLAIM_SAFE_CANDIDATE,None,Approve claim-safe rewrite,LOW
BATCH_3,BEAUTY_AND_PERSONAL_CARE,c3449c3f-6ff2-4568-bd1e-e3ee030afea5,[JUALAN HANGAT] TIME PHORIA - Altera Blurring Lip Tint 4G | two-in-one formula · all-day wear · blurs lip lines,LOW_RISK_READY_FOR_OPERATOR_REVIEW,APPROVE_CLAIM_SAFE_CANDIDATE,None,Approve claim-safe rewrite,LOW
BATCH_3,BEAUTY_AND_PERSONAL_CARE,cd0c3c88-3c6a-4434-b068-079a9b7ddcdd,[Penghantaran 24 jam] KUDAN Nail Polish Peel Off Kudan Water-based No-bake Nail Polish 10 ML (MZ019),LOW_RISK_READY_FOR_OPERATOR_REVIEW,APPROVE_CLAIM_SAFE_CANDIDATE,None,Approve claim-safe rewrite,LOW
BATCH_3,BEAUTY_AND_PERSONAL_CARE,de038a84-a590-4171-8f74-3bb4f411a787,YAYA EMPIRE PERFUME 10ML SAIZ KECIL DARI HQ,LOW_RISK_READY_FOR_OPERATOR_REVIEW,APPROVE_CLAIM_SAFE_CANDIDATE,None,Approve claim-safe rewrite,LOW
BATCH_3,BEAUTY_AND_PERSONAL_CARE,e1bff4f3-e816-4b65-950c-be0cc47beb57,Quinnbella Brow Gel Eyebrow Tint Brow Sculpt Lift Eyebrow Styling Long Lasting Waterproof Eyebrow Soap,MEDIUM_RISK_NEEDS_MANUAL_COPY_CHECK,NEEDS_COPY_EDIT,MEDIUM_RISK_NEEDS_MANUAL_COPY_CHECK,Audit copywriting USP claims,LOW
BATCH_3,BEAUTY_AND_PERSONAL_CARE,ea87a548-97ee-4207-ae11-16c2fca56b1e,[Boleh ditanggalkan] KUDAN Nail Polish Peel Off Kudan Water-based No-bake Nail Polish 10 ML (2),LOW_RISK_READY_FOR_OPERATOR_REVIEW,APPROVE_CLAIM_SAFE_CANDIDATE,None,Approve claim-safe rewrite,LOW
BATCH_3,BEAUTY_AND_PERSONAL_CARE,f6f4d27a-1b8b-4ec8-a8b8-c13bef817443,DHERBS LIPSTICK COLLAGEN + MADU KELULUT,LOW_RISK_READY_FOR_OPERATOR_REVIEW,APPROVE_CLAIM_SAFE_CANDIDATE,None,Approve claim-safe rewrite,LOW
BATCH_3,BEAUTY_AND_PERSONAL_CARE,f82e8dc4-caf6-4ecf-997f-7454d5c2f0fe,[SPEND RM35 FREE LIP POUCH] Hijau Lipstik Blooming Matte @hijau untuk Bibir Cantik - Lipstick lipstik viral Makeup,LOW_RISK_READY_FOR_OPERATOR_REVIEW,APPROVE_CLAIM_SAFE_CANDIDATE,None,Approve claim-safe rewrite,LOW
BATCH_3,BABY_AND_MATERNITY,bd4f44d0-2a19-46fc-a842-775f1e5e0c1d,[Free 1 pcs] Company Love Adult Diaper Upgrade Strong absorption S/ M/L/XL/XXL (9pcs/1pack) Adult Pull-Up Pants Leak-Pro,LOW_RISK_READY_FOR_OPERATOR_REVIEW,APPROVE_CLAIM_SAFE_CANDIDATE,None,Approve claim-safe rewrite,LOW
SENIOR_HOLD,MALE_HEALTH_SENSITIVE,fe8f489e-22eb-430f-a394-f38cf5352164,BIYA Gel eyeliner pencil 1.7mm - Tahan Lama & Pigmen Tinggi（Kalis air dan peluh）,HIGH_RISK_HEALTH_OR_CLAIM_RISK,HIGH_RISK_REVIEW,HIGH_RISK_HEALTH_OR_CLAIM_RISK,Perform manual safety copy review,MANUAL_AUDIT
SENIOR_HOLD,BEAUTY_AND_PERSONAL_CARE,9311100f-6271-4965-8b26-f6e04e3843a1,Numinara Aurelia Body Soap (125g) For Skin-Toning and Anti-Inflammatory,HIGH_RISK_HEALTH_OR_CLAIM_RISK,HIGH_RISK_REVIEW,HIGH_RISK_HEALTH_OR_CLAIM_RISK,Perform manual safety copy review,MANUAL_AUDIT
SENIOR_HOLD,BEAUTY_AND_PERSONAL_CARE,b92e6678-04e0-4dbe-a2de-5432a0d43dc6,"(QR)Livetined 4 botol pek 30ml serum rambut, aroma manis limau gedang, membaiki rambut kering dan rosak, perapi pelindung pencemaran, melindungi rambut untuk tumbuh dengan cepat, tawaran eksklusif TikTokShop",HIGH_RISK_HEALTH_OR_CLAIM_RISK,HIGH_RISK_REVIEW,HIGH_RISK_HEALTH_OR_CLAIM_RISK,Perform manual safety copy review,MANUAL_AUDIT
SENIOR_HOLD,HOUSEHOLD_CARE,20a935f9-338c-4db6-8ed3-bf11002adfd3,CantikBaby Sapu Tangan Bayi 6 Lapis 25x25cm Kain Kapas Lembut Tahan Lasak Tuala Kecil Bayi Baru Lahir l Cute & Various Patterns Baby Handkerchief with 6 layer,HIGH_RISK_HEALTH_OR_CLAIM_RISK,HIGH_RISK_REVIEW,HIGH_RISK_HEALTH_OR_CLAIM_RISK,Perform manual safety copy review,MANUAL_AUDIT
SENIOR_HOLD,PET_CARE,eb7df37f-d703-456b-8bd4-0338b2715004,Dr. Bites Fresh Meat Puréed Paté Wet Pouch [50g] with Probiotics & Fish Oil Makanan Basah Kucing Wet Food Cat,HIGH_RISK_HEALTH_OR_CLAIM_RISK,HIGH_RISK_REVIEW,HIGH_RISK_HEALTH_OR_CLAIM_RISK,Perform manual safety copy review,MANUAL_AUDIT
SENIOR_HOLD,LAUNDRY_CARE,82f42b81-d373-424b-88d7-fddffeb0c807,SABUN DOBI LIQUID LAUNDRY IMBA DETERGENT REFILL PACK 2KG/ MIKROKAPSUL+WANGIAN SABUN PENCUCI BAJU DAN PEWANGI SABUN BAJU,HIGH_RISK_HEALTH_OR_CLAIM_RISK,HIGH_RISK_REVIEW,HIGH_RISK_HEALTH_OR_CLAIM_RISK,Perform manual safety copy review,MANUAL_AUDIT
SENIOR_HOLD,FEMALE_HEALTH_SENSITIVE,0df5249a-c670-4f44-8ec5-c83f7cb77478,"BUY 1 TAKE 1 | Topeng Rawatan Keratin, 350g, Pembaikan Dalam, Sesuai untuk Kering dan Keriting, Lembut dan Licin, Tawaran BEBAS ONGKIR,Conditioner Haircare Shampoo hair mask tonic bebas pelebat wanita rambut gel botox protein cream lotion Koko Treatments",HIGH_RISK_HEALTH_OR_CLAIM_RISK,HIGH_RISK_REVIEW,HIGH_RISK_HEALTH_OR_CLAIM_RISK,Perform manual safety copy review,MANUAL_AUDIT
SENIOR_HOLD,BEAUTY_AND_PERSONAL_CARE,31dc461a-8584-4973-b7d4-02724a9a4150,Original Krim cina kuning Huatuo Baifuling - Krim Kuning Cream kuning - Huatuobaifuling Krim herba cina - Sesuai untuk semua kulit - Yellow Cream - Suitable for all skin - Skincare 15g,HIGH_RISK_HEALTH_OR_CLAIM_RISK,HIGH_RISK_REVIEW,HIGH_RISK_HEALTH_OR_CLAIM_RISK,Perform manual safety copy review,MANUAL_AUDIT
SENIOR_HOLD,BEAUTY_AND_PERSONAL_CARE,913f23d0-792f-482b-bac5-e19f26ef7343,[New] SKINTIFIC Radiance Booster Serum Spray 100ml/50ml Give Instant Hydrations Strengthen Skin Barrier Penjagaan Kulit,HIGH_RISK_HEALTH_OR_CLAIM_RISK,HIGH_RISK_REVIEW,HIGH_RISK_HEALTH_OR_CLAIM_RISK,Perform manual safety copy review,MANUAL_AUDIT
SENIOR_HOLD,BEAUTY_AND_PERSONAL_CARE,19bd4505-875b-44bf-a12b-1c850c9bc11c,"【Ginger Hair Colour 2.0】ViVid HAIR 400ml Perwarna Rambut Halia untuk Tutup Uban - Chestnut Brown, Dark Brown, Golden Brown, Natural Black, Purple Grape, Red Wine",HIGH_RISK_HEALTH_OR_CLAIM_RISK,HIGH_RISK_REVIEW,HIGH_RISK_HEALTH_OR_CLAIM_RISK,Perform manual safety copy review,MANUAL_AUDIT
SENIOR_HOLD,FEMALE_HEALTH_SENSITIVE,1f883904-ceb2-4f70-bb88-1b1ba08cb34f,QAYRAA Jersey Long Sleeve (P1) Microfiber Round Neck/ Size: S-5XL / Baju Jersi Lengan Panjang/Women Muslim Wear T-shirt Unisex / PLUS SIZE /Grey/Khaki/D.Rose/L.Green/Black/D.Purple/E.Green/L.Purple/N.Blue/B.Blue/Dsty Purple/B.Turquoise Wanita Muslimah,HIGH_RISK_HEALTH_OR_CLAIM_RISK,HIGH_RISK_REVIEW,HIGH_RISK_HEALTH_OR_CLAIM_RISK,Perform manual safety copy review,MANUAL_AUDIT
SENIOR_HOLD,FEMALE_HEALTH_SENSITIVE,98ce82e4-be78-4524-9e10-0caf98420648,BShawl Slimfit NOOR | Shawl Curve |Bidang 45-48 dan 50- 55| Material Heavy Chiffon Flowy | Opacity 7/10 Wanita Scarves,HIGH_RISK_HEALTH_OR_CLAIM_RISK,HIGH_RISK_REVIEW,HIGH_RISK_HEALTH_OR_CLAIM_RISK,Perform manual safety copy review,MANUAL_AUDIT
SENIOR_HOLD,FEMALE_HEALTH_SENSITIVE,3272c10b-2d73-485a-ad50-5fd76c2dfbf8,IQAA INSTANT SHAWL PREMIUM CHIFFON FOR WANITA ONLY IKAT BELAKANG,HIGH_RISK_HEALTH_OR_CLAIM_RISK,HIGH_RISK_REVIEW,HIGH_RISK_HEALTH_OR_CLAIM_RISK,Perform manual safety copy review,MANUAL_AUDIT
SENIOR_HOLD,PET_CARE,canonical-simba-cat-food,SIMBA 1kg Premium Kibbles Makanan Kucing [ Direct Dari Kilang ],IMAGE_BLOCKED,IMAGE_BLOCKED,IMAGE_BLOCKED,NEEDS_IMAGE_UPLOAD,MANUAL_AUDIT
SENIOR_HOLD,BEAUTY_AND_PERSONAL_CARE,canonical-inaiya-hair-colour,INAIYA EASY HERBAL HAIR COLOUR – 400ml | Tutup Uban Cepat | No Ammonia | Telus Air | Pewarna Rambut Herba,IMAGE_BLOCKED,IMAGE_BLOCKED,IMAGE_BLOCKED,NEEDS_IMAGE_UPLOAD,MANUAL_AUDIT
SENIOR_HOLD,FEMALE_HEALTH_SENSITIVE,1aa263bd-f751-4f05-a702-c447892af556,【READY STOCK】Mid-High Collar Inner Wear Muslimah Inner Wear Baju Inner Kolar Separuh Tinggi Baju Wanita Baju Perempuan Inner Neck Tutup Leher Outfit Ideas,HIGH_RISK_HEALTH_OR_CLAIM_RISK,HIGH_RISK_REVIEW,HIGH_RISK_HEALTH_OR_CLAIM_RISK,Perform manual safety copy review,MANUAL_AUDIT
SENIOR_HOLD,FEMALE_HEALTH_SENSITIVE,5a9e231f-4245-4b06-aa59-f060926a34ae,Pakaian Lengan Puff Gaya Matang Ringan Ikatan Simpul V-leher untuk Wanita Musim Panas Berlian buatan mewah Pinggang-cinching Gaun Panjang Muslim Gaun Panjang,HIGH_RISK_HEALTH_OR_CLAIM_RISK,HIGH_RISK_REVIEW,HIGH_RISK_HEALTH_OR_CLAIM_RISK,Perform manual safety copy review,MANUAL_AUDIT
SENIOR_HOLD,FASHION_AND_APPAREL,bd9a10c2-2d04-4f35-a529-8278669416ef,"[SOCKS HOUSE] RAMADAN PROMOSI 1 Pasang High Quality and Selesa Plain Socks Hitam, Putih, Kelabu Stoking Unisex Suitable for Men & Women Free Size READY STOCK",HIGH_RISK_HEALTH_OR_CLAIM_RISK,HIGH_RISK_REVIEW,HIGH_RISK_HEALTH_OR_CLAIM_RISK,Perform manual safety copy review,MANUAL_AUDIT
SENIOR_HOLD,FEMALE_HEALTH_SENSITIVE,9248d29c-d95c-4252-aacb-4fac1e6d8af0,"【Promosi Tawaran Istimewa】[Penghantaran percuma] Memeeie tuala wanita jenis seluar wanita adalah seluar pembebasan kebocoran 360 ° yang menyediakan kemampuan bernafas yang baik, melindungi kulit, dan boleh digunakan siang dan malam/wanita hamil",HIGH_RISK_HEALTH_OR_CLAIM_RISK,HIGH_RISK_REVIEW,HIGH_RISK_HEALTH_OR_CLAIM_RISK,Perform manual safety copy review,MANUAL_AUDIT
SENIOR_HOLD,FEMALE_HEALTH_SENSITIVE,89e7c9f4-0814-4822-b3e6-269a6d40b452,Women Woven Tie Pants Summer Casual Shorts High Waist Short Sport Ins Tide Student Girl Pants Seluar Pendek Wanita,HIGH_RISK_HEALTH_OR_CLAIM_RISK,HIGH_RISK_REVIEW,HIGH_RISK_HEALTH_OR_CLAIM_RISK,Perform manual safety copy review,MANUAL_AUDIT
SENIOR_HOLD,FEMALE_HEALTH_SENSITIVE,1bac3e65-ee7f-4af0-b6a4-51765969cdc7,Baju Lengan Panjang High Quality Polyester Cotton Fabric Women Inner Baju Muslimah Inner Perempuan Baju Inner,HIGH_RISK_HEALTH_OR_CLAIM_RISK,HIGH_RISK_REVIEW,HIGH_RISK_HEALTH_OR_CLAIM_RISK,Perform manual safety copy review,MANUAL_AUDIT
SENIOR_HOLD,FEMALE_HEALTH_SENSITIVE,2f8a4981-415e-4cfc-a5ca-fed0774b8ab9,Wide leg plaid long pants women casual pants new Korean style high waist straight casual loose Seluar Panjang Perempuan Seluar Petak Viral Trousers,HIGH_RISK_HEALTH_OR_CLAIM_RISK,HIGH_RISK_REVIEW,HIGH_RISK_HEALTH_OR_CLAIM_RISK,Perform manual safety copy review,MANUAL_AUDIT
SENIOR_HOLD,FEMALE_HEALTH_SENSITIVE,81ccca44-006a-4dcf-a5c7-6655048615d6,Plus Size Bra Women Size 34-52 Full Cup B/C 3Hook Full Coverage Floral Lace Wireless Bra Baju Dalam Wanita Tanpa Dawai Tanpa Besi Underwear BH Wanita,HIGH_RISK_HEALTH_OR_CLAIM_RISK,HIGH_RISK_REVIEW,HIGH_RISK_HEALTH_OR_CLAIM_RISK,Perform manual safety copy review,MANUAL_AUDIT
SENIOR_HOLD,FEMALE_HEALTH_SENSITIVE,ae1a57ff-613f-482d-9e4b-8acf8ec301b8,Baju Tidur Set Wanita Women Printed Pyjamas Set Wear Short Sleeve Shirt & Long Pants Sleepwear Night Wear Baju Tidur Wanita WCO326,HIGH_RISK_HEALTH_OR_CLAIM_RISK,HIGH_RISK_REVIEW,HIGH_RISK_HEALTH_OR_CLAIM_RISK,Perform manual safety copy review,MANUAL_AUDIT
SENIOR_HOLD,FEMALE_HEALTH_SENSITIVE,5dd5ec97-1209-4d1f-8e46-cd63b2c0c186,[Plus Size BC Cup] Dreamtale Baju Dalam Wanita Dreamtale Women Bra Solid Colour Wireless Push Up Bra BC Cup Full Cup Coli Wanita Baju Dalam Wanita WCO262 Cotton Pink,HIGH_RISK_HEALTH_OR_CLAIM_RISK,HIGH_RISK_REVIEW,HIGH_RISK_HEALTH_OR_CLAIM_RISK,Perform manual safety copy review,MANUAL_AUDIT
SENIOR_HOLD,BEAUTY_AND_PERSONAL_CARE,2937a851-c242-43e4-86cf-1e70971cc294,[FYC] Yessica’s Waterproof Foundation Cover Girl Air Moisturize Skin Makeup Concealer,HIGH_RISK_HEALTH_OR_CLAIM_RISK,HIGH_RISK_REVIEW,HIGH_RISK_HEALTH_OR_CLAIM_RISK,Perform manual safety copy review,MANUAL_AUDIT
SENIOR_HOLD,FEMALE_HEALTH_SENSITIVE,4bd6342c-aac7-4cc5-a27e-a11d70da42c0,Pleated V Neck Long Sleeve Shirt Blouse Cantik Anti Kedut Kain Ironless Plus Size Outfits T Shirt For Women Blouse Women Baju Perempuan Plus Size Outfits Baju Blouse Wanita Blouse Kerja Office Top For Womens Outfit Muslimah Baju Outfit Perempuan Style,HIGH_RISK_HEALTH_OR_CLAIM_RISK,HIGH_RISK_REVIEW,HIGH_RISK_HEALTH_OR_CLAIM_RISK,Perform manual safety copy review,MANUAL_AUDIT
SENIOR_HOLD,FEMALE_HEALTH_SENSITIVE,849fb822-17e6-49aa-a04d-2b3dfc12716e,Set Cetak Kasual Untuk Wanita Dengan Corak Bunga Dan Lengan Panjang Sesuai Untuk Kegunaan Harian,HIGH_RISK_HEALTH_OR_CLAIM_RISK,HIGH_RISK_REVIEW,HIGH_RISK_HEALTH_OR_CLAIM_RISK,Perform manual safety copy review,MANUAL_AUDIT
SENIOR_HOLD,BEAUTY_AND_PERSONAL_CARE,b88bb217-f2b8-417a-a744-4aeeb6e00d71,[NEW]Glad2Glow Day & Night Body Serum Set 24-HOUR Body Care Bright & Smooth Skin Smell Fresh & Luscious & Fragrant All Day Perawatan Kulit,HIGH_RISK_HEALTH_OR_CLAIM_RISK,HIGH_RISK_REVIEW,HIGH_RISK_HEALTH_OR_CLAIM_RISK,Perform manual safety copy review,MANUAL_AUDIT
SENIOR_HOLD,BABY_AND_MATERNITY,eabfa9fb-7676-49c6-9d33-ba38f0d835b8,Penbose 50PCS Seluar Tarik Ke Atas | Baby Diaper pants disposable diaper tape diaper pants pull-ups Korea | Ultra-thin and breathable | Lampin Bayi Premium All size:S M L XL XXL XXXL,HIGH_RISK_HEALTH_OR_CLAIM_RISK,HIGH_RISK_REVIEW,HIGH_RISK_HEALTH_OR_CLAIM_RISK,Perform manual safety copy review,MANUAL_AUDIT
SENIOR_HOLD,FEMALE_HEALTH_SENSITIVE,9283839f-0551-45c9-919d-ef3d2850bc16,Myawan Bra Plus-Size B/C FULL CUP 3-Hook ANNAH Wireless Bra 34~52 Baju Dalam Wanita Bra Cup Penuh Tanpa Dawai Pakaian Dalam Wanita B010 ANNAH,HIGH_RISK_HEALTH_OR_CLAIM_RISK,HIGH_RISK_REVIEW,HIGH_RISK_HEALTH_OR_CLAIM_RISK,Perform manual safety copy review,MANUAL_AUDIT
SENIOR_HOLD,FEMALE_HEALTH_SENSITIVE,39c5fc1d-dfec-47fb-a259-8b8836764e27,Vilily Minyak Wangian Wanita EDT EDP 100ml Vilily Inspired Perfume Women Perfume EDT EDP 100ml Minyak Wangi Perempuan,HIGH_RISK_HEALTH_OR_CLAIM_RISK,HIGH_RISK_REVIEW,HIGH_RISK_HEALTH_OR_CLAIM_RISK,Perform manual safety copy review,MANUAL_AUDIT
SENIOR_HOLD,MALE_HEALTH_SENSITIVE,6680d62b-3a1e-459a-ac40-a056929f22a7,"Purfresh 2026 Baharu Car Air Freshener 185g Minyak Pewangi Kereta Penyegar Udara Kereta Tahan Lama,Sesuai Untuk Tandas Dan Bilik Car perfume,Ekstrak Tumbuhan Automotive Interior",HIGH_RISK_HEALTH_OR_CLAIM_RISK,HIGH_RISK_REVIEW,HIGH_RISK_HEALTH_OR_CLAIM_RISK,Perform manual safety copy review,MANUAL_AUDIT
SENIOR_HOLD,BABY_AND_MATERNITY,91cec488-8c69-4df0-af5c-371db70ec384,Sukos Lampin Tarik Bayi Saiz S-XXXL 50 Keping: Super Serap Anti Bocor & Permukaan Lembut Bernafas China Diaper,HIGH_RISK_HEALTH_OR_CLAIM_RISK,HIGH_RISK_REVIEW,HIGH_RISK_HEALTH_OR_CLAIM_RISK,Perform manual safety copy review,MANUAL_AUDIT
SENIOR_HOLD,FOOD_AND_BEVERAGE,0f4bfa0d-ce5e-4629-af3d-bc66b2cb37ee,WOW SPAGETTI INSTANT SPAGHETTI 3 Menit Siap Sajian/ Pop Spageti / Mi Sedap Mi Kuah Mi Goreng/Mi Chili Oil,HIGH_RISK_HEALTH_OR_CLAIM_RISK,HIGH_RISK_REVIEW,HIGH_RISK_HEALTH_OR_CLAIM_RISK,Perform manual safety copy review,MANUAL_AUDIT
SENIOR_HOLD,BEAUTY_AND_PERSONAL_CARE,ed23c97d-4db5-4712-8b8a-135ed8083542,SkyPlant Fragrant Multi-Effect Nourish Eye Balm Stick 9g Korean Formula Softens Fine Lines Daily Eye Moisturizing Care for Smooth and Fresh Looking Skin,HIGH_RISK_HEALTH_OR_CLAIM_RISK,HIGH_RISK_REVIEW,HIGH_RISK_HEALTH_OR_CLAIM_RISK,Perform manual safety copy review,MANUAL_AUDIT
SENIOR_HOLD,FOOD_AND_BEVERAGE,7e6a23d7-8080-4b25-b333-f4b3d91b215b,FISH SKIN SALTED EGG 50G (MINI PACK),HIGH_RISK_HEALTH_OR_CLAIM_RISK,HIGH_RISK_REVIEW,HIGH_RISK_HEALTH_OR_CLAIM_RISK,Perform manual safety copy review,MANUAL_AUDIT
SENIOR_HOLD,HOME_ORGANIZATION,40950632-e61a-4e89-8070-56a28d953fe9,Trolley Racks with Wheels 2/3/4/5 Tier Multipurpose Storage Organizer Shelf for Kitchen Office Home Book Baby Toys Rak Troli,HIGH_RISK_HEALTH_OR_CLAIM_RISK,HIGH_RISK_REVIEW,HIGH_RISK_HEALTH_OR_CLAIM_RISK,Perform manual safety copy review,MANUAL_AUDIT
SENIOR_HOLD,FEMALE_HEALTH_SENSITIVE,fd14584e-f603-4872-b6d7-218684dbf691,"[BUY 5 FREE 5] [SOCKS MAVEN] Women Stoking 100% Brand New High Quality, stokin wanita bergaya, fesyen, free size READY STOCK & FAST SHIPPING",HIGH_RISK_HEALTH_OR_CLAIM_RISK,HIGH_RISK_REVIEW,HIGH_RISK_HEALTH_OR_CLAIM_RISK,Perform manual safety copy review,MANUAL_AUDIT
SENIOR_HOLD,FEMALE_HEALTH_SENSITIVE,f6baf0d0-1d52-4397-a4d5-0526e7b11690,FATIMA INSTANT SARUNG SYRIA ~ HQ MOSCREPE PREMIUM ~ IRONLESS & STRETCHABLE HIJAB UNTUK WANITA MUSLIMAH BAHAN ELASTIK SESUAI KESELAMAN DAN GAYA,HIGH_RISK_HEALTH_OR_CLAIM_RISK,HIGH_RISK_REVIEW,HIGH_RISK_HEALTH_OR_CLAIM_RISK,Perform manual safety copy review,MANUAL_AUDIT
SENIOR_HOLD,BABY_AND_MATERNITY,dc833ab3-cd2e-4968-b9db-40210aba38dc,Sumikko 50PCS Premium Baby Diaper pants disposable diaper tape diaper pants pull-ups Ultra-thin and breathable All size S/M/L/XL/XXL/XXXL,HIGH_RISK_HEALTH_OR_CLAIM_RISK,HIGH_RISK_REVIEW,HIGH_RISK_HEALTH_OR_CLAIM_RISK,Perform manual safety copy review,MANUAL_AUDIT
SENIOR_HOLD,FEMALE_HEALTH_SENSITIVE,3b3463c7-3394-49ad-940e-bd060d06b662,QAYRAA P1 (S-XL) Jersi Muslimah Labuh Microfiber/Athleisure Sport Quick Dry/Baju Sukan Perempuan Wanita /Size: S-10XL Jersey Labuh Baju Renang/Rich Brown/Burgundy/Green/Purple/NAVY/Lilac/DUSTY ROSE/GREY/Green/KHAKI/Teal Blue/Red Blouses Shirts Tops,HIGH_RISK_HEALTH_OR_CLAIM_RISK,HIGH_RISK_REVIEW,HIGH_RISK_HEALTH_OR_CLAIM_RISK,Perform manual safety copy review,MANUAL_AUDIT
SENIOR_HOLD,BABY_AND_MATERNITY,7d95bdf5-9aee-4a11-8d82-4f9974e254ed,"Seluar Tarik Ke Atas, SUMIKKO, 50PCS, Lampin Bayi, Semua Saiz Tersedia, Saiz Besar, Sederhana, L, XL, XXL, Lampin Pita",HIGH_RISK_HEALTH_OR_CLAIM_RISK,HIGH_RISK_REVIEW,HIGH_RISK_HEALTH_OR_CLAIM_RISK,Perform manual safety copy review,MANUAL_AUDIT
SENIOR_HOLD,FEMALE_HEALTH_SENSITIVE,90680fea-accc-4f98-9f6a-c938f7d8912f,"Jam Tangan Sukan, Terbaru Smartwatch H9 max, Untuk Lelaki dan Wanita, Skrin Sentuh HD 2.01 "", Terima Panggilan Dail, Muzik Bluetooth, Kalkulator, Jam randik, Serasi dengan Android dan iOS, 2026 Smart watch H9 pro max",HIGH_RISK_HEALTH_OR_CLAIM_RISK,HIGH_RISK_REVIEW,HIGH_RISK_HEALTH_OR_CLAIM_RISK,Perform manual safety copy review,MANUAL_AUDIT
SENIOR_HOLD,FEMALE_HEALTH_SENSITIVE,14715165-95f3-4a9f-bf81-4d064dadbe12,OFVOGUE Seluar Panjang Wanita Bootcut Kain Memeri Sukan Santai Kapas Wide-Leg Comfortable Long Trousers Women Leisure Sport Loose Casual Pants,HIGH_RISK_HEALTH_OR_CLAIM_RISK,HIGH_RISK_REVIEW,HIGH_RISK_HEALTH_OR_CLAIM_RISK,Perform manual safety copy review,MANUAL_AUDIT
SENIOR_HOLD,MALE_HEALTH_SENSITIVE,8e6587c3-f736-42d1-9005-64c89ad622cf,OHSOLAH AIR BOMB Pewangi Kereta Meletop Viral | Car Air Freshener Wangi Gilar Tahan Lama Fruity Perfume Booster Fibre wick 100g,HIGH_RISK_HEALTH_OR_CLAIM_RISK,HIGH_RISK_REVIEW,HIGH_RISK_HEALTH_OR_CLAIM_RISK,Perform manual safety copy review,MANUAL_AUDIT
SENIOR_HOLD,BEAUTY_AND_PERSONAL_CARE,528846ba-838a-43d1-94d7-4be806c20746,[NEW]Glad2Glow Flawless Blurring Skin Tint 12 Hour Long Lasting Controls Oil Stays Matte All Day Helps Blur Pores and Smooth Texture Perawatan Kulit,HIGH_RISK_HEALTH_OR_CLAIM_RISK,HIGH_RISK_REVIEW,HIGH_RISK_HEALTH_OR_CLAIM_RISK,Perform manual safety copy review,MANUAL_AUDIT
SENIOR_HOLD,BEAUTY_AND_PERSONAL_CARE,0eed93fb-504e-44f4-bfe6-fcd620ae2d81,MAVERIX FOR SKIN | LIMITED PREMIUM Set (5 Bottles) Body Care,HIGH_RISK_HEALTH_OR_CLAIM_RISK,HIGH_RISK_REVIEW,HIGH_RISK_HEALTH_OR_CLAIM_RISK,Perform manual safety copy review,MANUAL_AUDIT
SENIOR_HOLD,MALE_HEALTH_SENSITIVE,b14570e0-35d8-457f-9998-850a73a2b7f8,"Bulu Mata 3D, ANJOSIRMA, dengan Gam Terbina dalam, Tiada Gam Diperlukan, Pembesaran Mata, Tahan Lama, Boleh Digunakan Semula, Sesuai untuk Pemula, Tersedia dalam 60 / 90 / 100 Kluster setiap Kotak",HIGH_RISK_HEALTH_OR_CLAIM_RISK,HIGH_RISK_REVIEW,HIGH_RISK_HEALTH_OR_CLAIM_RISK,Perform manual safety copy review,MANUAL_AUDIT
SENIOR_HOLD,UNKNOWN_REVIEW_REQUIRED,377a8734-2630-4e27-b009-e4b27adbbe51,"Nota Melekit Lutsinar Pelekat Diri Kalis Air, 50 Helaian, Sesuai untuk Bekalan Sekolah dan Pejabat",HIGH_RISK_HEALTH_OR_CLAIM_RISK,HIGH_RISK_REVIEW,HIGH_RISK_HEALTH_OR_CLAIM_RISK,Perform manual safety copy review,MANUAL_AUDIT
SENIOR_HOLD,UNKNOWN_REVIEW_REQUIRED,778e412b-5a4b-4ced-909b-32eb12d6f2f2,Fridge Magnet Hari Guru Berkilat | Hadiah Cikgu Comel & Bermakna | Beli 3 Free 1,HIGH_RISK_HEALTH_OR_CLAIM_RISK,HIGH_RISK_REVIEW,HIGH_RISK_HEALTH_OR_CLAIM_RISK,Perform manual safety copy review,MANUAL_AUDIT
SENIOR_HOLD,HEALTH_AND_WELLNESS,cc69a4ae-4ab5-4c7c-93e1-87eb796eeed1,"NEW | BeFocusPro+ Bantu Tidur Lena, Lebih Bertenaga & Kekal Fokus 30 tablets | Dengan Lion’s Mane , Cordyceps & Ginkgo Biloba, Cholife | 5 Cendawan Formula ReStake | Iyziq Supplements",HIGH_RISK_HEALTH_OR_CLAIM_RISK,HIGH_RISK_REVIEW,HIGH_RISK_HEALTH_OR_CLAIM_RISK,Perform manual safety copy review,MANUAL_AUDIT
SENIOR_HOLD,FEMALE_HEALTH_SENSITIVE,2f684849-0980-459a-9c5d-25e977994689,"[Amelia's Favourite] [NEW] Pentavite Multivitamin dan Mineral Wanita, Kesihatan Wanita Boleh Kunyah（30-180 Tablets for Adult) | Women Multivitamin and Mineral, Chewable",HIGH_RISK_HEALTH_OR_CLAIM_RISK,HIGH_RISK_REVIEW,HIGH_RISK_HEALTH_OR_CLAIM_RISK,Perform manual safety copy review,MANUAL_AUDIT
